ukprn,provider_name
10013767,AI Training Services Ltd.
10000055,Abingdon and Witney College
10000291,Anglia Ruskin University
10005451,Arden University Limited
10007759,Aston University
10031982,BPP University Limited
10020680,Belfast Metropolitan College
10007760,Birkbeck College
10007140,Birmingham City University
10007832,Birmingham Newman University
10000754,Blackpool and the Fylde College
10000820,"Bournemouth and Poole College, The"
10000840,Bradford College
10000878,Bridgwater and Taunton College
10000961,Brunel University London
10000975,Buckinghamshire New University
10001000,Burnley College
10001004,Burton and South Derbyshire College
10001143,Canterbury Christ Church University
10007854,Cardiff Metropolitan University
10004772,City College Norwich
10001726,Coventry University
10007822,Cranfield University
10004695,DN Colleges Group
10001850,Darlington College
10001883,De Montfort University
10029238,Devon & Cornwall Police and Crime Commissioner
10007823,Edge Hill University
10007772,Edinburgh Napier University
England,England
10008640,Falmouth University
10002599,Furness College
10007762,Glasgow Caledonian University
10007833,Glyndwr University
10007820,Grwp Llandrillo Menai
10000163,Health Sciences University
10007764,Heriot-Watt University
10021682,Kaplan Open Learning (Essex) Limited
10003678,Kingston University
10003753,Lakes College West Cumbria
10003861,Leeds Beckett University
10003855,Leeds College of Building
10003863,Leeds Trinity University
10003957,Liverpool John Moores University
10004048,London Metropolitan University
10004078,London South Bank University
10004112,Loughborough College
10004180,Manchester Metropolitan University
10023453,Matrix College of Counselling and Psychotherapy Ltd
10004344,Middlesbrough College
10004351,Middlesex University
10055902,Multiverse Group Limited
10004478,Myerscough College
10038501,N D A Foundation
10004599,NCG
10004576,New College Durham
10004603,Newcastle and Stafford Colleges Group
10020634,North West Regional College
10048199,Northeastern University - London
Northern Ireland,Northern Ireland
10020372,Northern Regional College
10004797,Nottingham Trent University
10004930,Oxford Brookes University
10022490,Pearson Education Limited
10004676,Petroc
10003375,QA Limited
10007775,Queen Mary University of London
10005343,Queen's University of Belfast
10005534,RNN Group
10005404,Reaseheath College
10002863,Riverside College
10005500,Robert Gordon University
10007776,Roehampton University
Scotland,Scotland
10005790,Sheffield Hallam University
10005977,South Devon College
10020699,South Eastern Regional College
10020685,South West College
10006022,Southampton Solent University
10020633,Southern Regional College
10030776,St Mellitus College Trust
10008010,Stranmillis University College
10001733,Supply Chain Academy Limited
10007855,Swansea University
10007161,Teesside University
10066502,The College of Health Ltd
10023442,The College of Osteopaths
10006341,The Education Training Collective
10007773,The Open University
10006840,The University of Birmingham
10007785,The University of Bradford
10007787,The University of Buckingham
10007137,The University of Chichester
10007842,The University of Cumbria
10007789,The University of East Anglia
10007791,The University of Essex
10007148,The University of Huddersfield
10007149,The University of Hull
10007150,The University of Kent
10039956,The University of Law Limited
10007795,The University of Leeds
10007796,The University of Leicester
10007802,The University of Reading
10007157,The University of Sheffield
10007163,The University of Warwick
10006566,The University of West London
10007165,The University of Westminster
10007063,Truro and Penwith College
UK,UK
10025197,University Centre Quayside Limited
10000712,University College Birmingham
10008173,University College of Estate Management
10007783,University of Aberdeen
10007152,University of Bedfordshire
10000886,University of Brighton
10007848,University of Chester
10007851,University of Derby
10007852,University of Dundee
10007144,University of East London
10007790,University of Edinburgh
10007792,University of Exeter
10007794,University of Glasgow
10007145,University of Gloucestershire
10006841,University of Greater Manchester
10007146,University of Greenwich
10007147,University of Hertfordshire
10007767,University of Keele
10007141,University of Lancashire
10007151,University of Lincoln
10007797,University of London
10007138,"University of Northampton, The"
10001282,University of Northumbria at Newcastle
10007154,"University of Nottingham, The"
10007774,University of Oxford
10007801,University of Plymouth
10007155,University of Portsmouth
10007156,"University of Salford, The"
10007793,University of South Wales/Prifysgol De Cymru
10037449,University of St Mark & St John
10006299,University of Staffordshire
10007805,University of Strathclyde
10014001,University of Suffolk
10007159,University of Sunderland
10007807,University of Ulster
10007858,University of Wales: Trinity Saint David
10003614,University of Winchester
10007166,University of Wolverhampton
10007139,University of Worcester
10007167,University of York
10007114,University of the Highlands and Islands
10007164,"University of the West of England, Bristol"
10007800,University of the West of Scotland
Wales,Wales
10085293,Waterbear Education Ltd
10007361,Waverley Abbey Trust
10007459,Weston College of Further and Higher Education
10007500,Wigan and Leigh College
10007696,Yeovil College
10007713,York St John University
